<?xml version="1.0" encoding="UTF-8"?><!--
        *** GENERATED FROM jax-ws.xml - DO NOT EDIT !                             ***
        *** TO MODIFY wsimport options USE Web Service node -> Edit WS Attributes ***
        *** TO CHANGE TARGETS GENERATED TO jaxws-build.xml COPY THOSE             ***
        *** TARGETS TO ../build.xml AND MODIFY THAT FILE INSTEAD                  ***

        --><project xmlns:xalan="http://xml.apache.org/xslt" xmlns:j2seproject3="http://www.netbeans.org/ns/j2se-project/3" xmlns:jaxws="http://www.netbeans.org/ns/jax-ws/1">
    <!--
                ===================
                JAX-WS WSIMPORT SECTION
                ===================
            -->
    <target name="wsimport-init" depends="init">
        <mkdir dir="${build.generated.sources.dir}/jax-ws"/>
        <taskdef name="wsimport" classname="com.sun.tools.ws.ant.WsImport">
            <classpath path="${libs.jaxws21.classpath}"/>
        </taskdef>
    </target>
    <target name="wsimport-client-PalindromeCheck" depends="wsimport-init">
        <mkdir dir="${build.generated.dir}/jax-wsCache/PalindromeCheck"/>
        <property name="wsdl-PalindromeCheck" location="xml-resources/web-service-references/PalindromeCheck/wsdl/10.0.0.108_8080/ChowdhuryService/PalindromeCheck.wsdl"/>
        <wsimport sourcedestdir="${build.generated.dir}/jax-wsCache/PalindromeCheck" destdir="${build.generated.dir}/jax-wsCache/PalindromeCheck" wsdl="${wsdl-PalindromeCheck}" catalog="catalog.xml" encoding="${source.encoding}" extension="true" verbose="true" fork="false" wsdlLocation="http://10.0.0.108:8080/ChowdhuryService/PalindromeCheck?wsdl" xnocompile="true" xendorsed="true" package="com.palindrome.check">
            <depends file="${wsdl-PalindromeCheck}"/>
            <produces dir="${build.generated.dir}/jax-wsCache/PalindromeCheck"/>
        </wsimport>
        <copy todir="${build.generated.sources.dir}/jax-ws">
            <fileset dir="${build.generated.dir}/jax-wsCache/PalindromeCheck">
                <include name="**/*.java"/>
            </fileset>
        </copy>
    </target>
    <target name="wsimport-client-clean-PalindromeCheck" depends="-init-project">
        <delete dir="${build.generated.dir}/jax-wsCache/PalindromeCheck"/>
        <delete dir="${build.generated.sources.dir}/jax-ws/com/palindrome/check"/>
    </target>
    <target name="wsimport-client-generate" depends="wsimport-client-PalindromeCheck"/>
</project>
